Grade,Tensile Strength (MPa),Yield Strength (MPa),Elongation in 50 mm (%),Reduction in Area (%),HV (GPa),"Carbon, C","Chromium, Cr","Iron, Fe","Manganese, Mn","Nickel, Ni","Nitrogen, N","Phosphorus, P","Silicon, Si","Sulfur, S","Molybdenum, Mo","Boron, B","Titanium, Ti",Nb,Ta,"Lead, Pb","Vanadium, V"
347,655,275,45,45.8,9.203853211,0.08,17,68,2,11,,0.045,1,0.03,,,,0.4,0.4,,
347,620,240,50,65,15.49439348,0.08,17,68,2,11,,0.045,1,0.03,,,,0.4,0.4,,
384,690,450,40,60,20.53007136,0.08,16,63,2,18,,0.045,1,0.03,,,,,,,
384,515,240,55,72,7.786422018,0.08,16,63,2,18,,0.045,1,0.03,,,,,,,
304,585,235,60,70,14.42915392,0.505,0.525,97.8307,0.875,,,0.035,0.225,0.04,,0.0018,,,,,
304,690,415,45,45.8,20.53007136,0.505,0.525,97.8307,0.875,,,0.035,0.225,0.04,,0.0018,,,,,
304,860,655,25,45.8,26.63098879,0.505,0.525,97.8307,0.875,,,0.035,0.225,0.04,,0.0018,,,,,
305,585,260,50,45.8,8.731376147,0.12,18,67,2,12,,0.045,1,0.03,,,,,,,
308,585,205,55,65,14.52599388,0.08,20,66,2,11,,0.045,1,0.03,,,,,,,
309,655,275,45,65,9.014862385,0.2,23,60,2,14,,0.045,1,0.03,,,,,,,
310,620,310,45,45.8,9.203853211,0.25,25,52.59,2,20.5,,0.045,1.5,0.03,,,,,,,
310,655,275,45,65,15.49439348,0.25,25,52.59,2,20.5,,0.045,1.5,0.03,,,,,,,
314,689,345,45,60,17.43119266,0.25,24.5,51.59,2,20.5,,0.045,2.25,0.03,,,,,,,
316,580,290,50,45.8,8.636880734,0.08,17,66.9,2,12,,0.045,1,0.03,2.5,,,,,,
316,550,240,60,70,14.42915392,0.08,17,66.9,2,12,,0.045,1,0.03,2.5,,,,,,
316,620,415,45,65,18.39959225,0.08,17,66.9,2,12,,0.045,1,0.03,2.5,,,,,,
317,620,275,45,45.8,9.203853211,0.08,19,62.925,2,13,,0.045,1,0.03,3.5,,,,,,
317,585,275,50,45.8,15.49439348,0.08,19,62.925,2,13,,0.045,1,0.03,3.5,,,,,,
321,620,240,45,45.8,8.731376147,0.08,18,69.525,2,10.5,,0.045,1,0.03,,,0.4,,,,
321,585,240,55,65,14.52599388,0.08,18,69.525,2,10.5,,0.045,1,0.03,,,0.4,,,,
321,655,415,40,60,17.91539246,0.08,18,69.525,2,10.5,,0.045,1,0.03,,,0.4,,,,
330,585,290,45,45.8,8.731376147,0.08,19,42,2,36,,0.04,1.13,0.03,,,,,,,
201,1035,760,12,45.8,11.09072375,0.15,17,71.255,6.5,4.5,0.25,0.06,1,0.03,,,,,,,
201,1275,965,8,45.8,14.20998981,0.15,17,71.255,6.5,4.5,0.25,0.06,1,0.03,,,,,,,
201,1550,1480,1,45.8,14.90316004,0.15,17,71.255,6.5,4.5,0.25,0.06,1,0.03,,,,,,,
302,620,275,55,45.8,8.731376147,0.17,,99.035,0.75,,,0.04,,0.05,,,,,,,
302,860,515,12,45.8,8.664627931,0.17,,99.035,0.75,,,0.04,,0.05,,,,,,,
302,585,240,60,70,8.731376147,0.17,,99.035,0.75,,,0.04,,0.05,,,,,,,
303,620,240,50,55,15.49439348,0.15,18,69,2,9,,0.2,1,0.15,0.6,,,,,,
303,690,415,40,53,22.0795107,0.15,18,69,2,9,,0.2,1,0.15,0.6,,,,,,
1006,295,165,30,55,8.328236493,0.08,,99.59,0.325,,,0.04,,0.05,,,,,,,
1006,330,285,20,45,9.199796126,0.08,,99.59,0.325,,,0.04,,0.05,,,,,,,
1008,305,170,30,55,8.328236493,0.1,,99.505,0.4,,,0.04,,0.05,,,,,,,
1008,340,285,20,45,9.199796126,0.1,,99.505,0.4,,,0.04,,0.05,,,,,,,
1010,325,180,28,50,9.199796126,0.105,,99.4,0.45,,,0.04,,0.05,,,,,,,
1010,365,305,20,40,10.16819572,0.105,,99.4,0.45,,,0.04,,0.05,,,,,,,
1012,330,185,28,50,9.199796126,0.125,,99.38,0.45,,,0.04,,0.05,,,,,,,
1012,370,310,19,40,10.16819572,0.125,,99.38,0.45,,,0.04,,0.05,,,,,,,
1015,345,190,28,50,9.780835882,0.155,,99.35,0.45,,,0.04,,0.05,,,,,,,
1015,385,325,18,40,10.74923547,0.155,,99.35,0.45,,,0.04,,0.05,,,,,,,
1016,380,205,25,50,10.65239551,0.15,,99.355,0.75,,,0.04,,0.05,,,,,,,
1016,420,350,18,40,11.71763507,0.15,,99.355,0.75,,,0.04,,0.05,,,,,,,
1017,365,200,26,50,10.16819572,0.17,,99.335,0.45,,,0.04,,0.05,,,,,,,
1017,405,340,18,40,11.23343527,0.17,,99.335,0.45,,,0.04,,0.05,,,,,,,
1018,400,220,25,50,11.23343527,0.17,,99.035,0.75,,,0.04,,0.05,,,,,,,
1018,440,370,15,40,12.20183486,0.17,,99.035,0.75,,,0.04,,0.05,,,,,,,
1019,405,225,25,50,11.23343527,0.17,,98.935,0.85,,,0.04,,0.05,,,,,,,
1019,455,380,15,40,12.68603466,0.17,,98.935,0.85,,,0.04,,0.05,,,,,,,
1020,380,205,25,50,10.74923547,0.2,,99.305,0.45,,,0.04,,0.05,,,,,,,
1020,420,350,15,40,11.71763507,0.2,,99.305,0.45,,,0.04,,0.05,,,,,,,
1021,420,230,24,48,11.23343527,0.2,,99.005,0.75,,,0.04,,0.05,,,,,,,
1021,470,395,15,40,12.68603466,0.2,,99.005,0.75,,,0.04,,0.05,,,,,,,
1022,425,235,23,47,11.71763507,0.2,,98.905,0.85,,,0.04,,0.05,,,,,,,
1022,475,400,15,40,13.26707441,0.2,,98.905,0.85,,,0.04,,0.05,,,,,,,
1023,385,215,25,50,10.74923547,0.22,,99.285,0.45,,,0.04,,0.05,,,,,,,
1023,425,360,15,40,11.71763507,0.22,,99.285,0.45,,,0.04,,0.05,,,,,,,
1524,510,285,20,42,14.42915392,0.22,,98.235,1.5,,,0.04,,0.05,,,,,,,
1524,565,475,12,35,15.78491335,0.22,,98.235,1.5,,,0.04,,0.05,,,,,,,
1025,400,220,25,50,11.23343527,0.25,,99.255,0.45,,,0.04,,0.05,,,,,,,
1025,440,370,15,40,12.20183486,0.25,,99.255,0.45,,,0.04,,0.05,,,,,,,
1026,440,240,24,49,12.20183486,0.25,,98.955,0.75,,,0.04,,0.05,,,,,,,
1527,490,415,15,40,13.84811417,0.255,,98.35,1.35,,,0.04,,0.05,,,,,,,
1527,515,285,18,40,14.42915392,0.255,,98.35,1.35,,,0.04,,0.05,,,,,,,
1527,570,485,12,35,15.78491335,0.255,,98.35,1.35,,,0.04,,0.05,,,,,,,
1030,470,260,20,42,13.26707441,0.305,,98.9,0.75,,,0.04,,0.05,,,,,,,
1030,525,440,12,35,14.42915392,0.305,,98.9,0.75,,,0.04,,0.05,,,,,,,
1035,495,270,18,40,13.84811417,0.345,,98.86,0.75,,,0.04,,0.05,,,,,,,
1035,550,460,12,35,15.78491335,0.345,,98.86,0.75,,,0.04,,0.05,,,,,,,
1536,570,315,16,40,15.78491335,0.335,,98.27,1.35,,,0.04,,0.05,,,,,,,
1536,635,535,12,35,18.10907238,0.335,,98.27,1.35,,,0.04,,0.05,,,,,,,
1037,510,280,18,40,13.84811417,0.35,,98.755,0.85,,,0.04,,0.05,,,,,,,
1037,565,475,12,35,16.17227319,0.35,,98.755,0.85,,,0.04,,0.05,,,,,,,
1038,515,285,18,40,14.42915392,0.38,,98.84,0.75,,,0.04,,0.05,,,,,,,
1038,570,485,12,35,15.78491335,0.38,,98.84,0.75,,,0.04,,0.05,,,,,,,
1039,545,300,16,40,15.10703364,0.4,,98.705,0.85,,,0.04,,0.05,,,,,,,
1039,605,510,12,35,17.3343527,0.4,,98.705,0.85,,,0.04,,0.05,,,,,,,
1040,525,290,18,40,14.42915392,0.405,,98.8,0.75,,,0.04,,0.05,,,,,,,
1040,585,490,12,35,16.46279307,0.405,,98.8,0.75,,,0.04,,0.05,,,,,,,
1541,635,350,15,40,18.10907238,0.4,,98.055,1.5,,,0.04,,0.05,,,,,,,
1541,705,600,10,30,20.04587156,0.4,,98.055,1.5,,,0.04,,0.05,,,,,,,
1541,650,550,10,45,17.8185525,0.4,,98.055,1.5,,,0.04,,0.05,,,,,,,
1042,550,305,16,40,15.78491335,0.435,,98.77,0.75,,,0.04,,0.05,,,,,,,
1043,565,310,16,40,15.78491335,0.435,,98.67,0.85,,,0.04,,0.05,,,,,,,
1043,625,530,12,35,17.3343527,0.435,,98.67,0.85,,,0.04,,0.05,,,,,,,
1043,600,515,12,45,17.3343527,0.435,,98.67,0.85,,,0.04,,0.05,,,,,,,
1044,550,305,16,40,15.78491335,0.465,,99.04,0.45,,,0.04,,0.05,,,,,,,
1045,565,310,16,40,15.78491335,0.46,,98.745,0.75,,,0.04,,0.05,,,,,,,
1045,625,530,12,35,17.3343527,0.46,,98.745,0.75,,,0.04,,0.05,,,,,,,
1045,585,505,12,45,16.46279307,0.46,,98.745,0.75,,,0.04,,0.05,,,,,,,
1046,585,325,15,40,16.46279307,0.46,,98.645,0.85,,,0.04,,0.05,,,,,,,
1046,650,545,12,35,18.10907238,0.46,,98.645,0.85,,,0.04,,0.05,,,,,,,
1046,620,515,12,45,17.3343527,0.46,,98.645,0.85,,,0.04,,0.05,,,,,,,
1547,650,360,15,30,18.59327217,0.47,,97.985,1.5,,,0.04,,0.05,,,,,,,
1547,710,605,10,28,20.04587156,0.47,,97.985,1.5,,,0.04,,0.05,,,,,,,
1547,655,585,10,35,18.10907238,0.47,,97.985,1.5,,,0.04,,0.05,,,,,,,
1548,660,365,14,33,19.07747197,0.48,,98.265,1.225,,,0.04,,0.05,,,,,,,
1548,735,615,10,28,21.01427115,0.48,,98.265,1.225,,,0.04,,0.05,,,,,,,
1548,645,540,10,35,18.59327217,0.48,,98.265,1.225,,,0.04,,0.05,,,,,,,
1049,600,330,15,35,17.3343527,0.495,,98.71,0.75,,,0.04,,0.05,,,,,,,
1049,670,560,10,30,19.07747197,0.495,,98.71,0.75,,,0.04,,0.05,,,,,,,
1049,635,530,10,40,18.10907238,0.495,,98.71,0.75,,,0.04,,0.05,,,,,,,
1050,620,340,15,35,17.3343527,0.51,,98.69,0.75,,,0.04,,0.05,,,,,,,
1050,690,580,10,30,19.07747197,0.51,,98.69,0.75,,,0.04,,0.05,,,,,,,
1050,655,550,10,40,18.30275229,0.51,,98.69,0.75,,,0.04,,0.05,,,,,,,
1552,745,410,12,30,21.01427115,0.51,,98.095,1.35,,,0.04,,0.05,,,,,,,
1552,675,570,10,40,18.69011213,0.51,,98.095,1.35,,,0.04,,0.05,,,,,,,
1055,650,355,12,30,18.59327217,0.55,,98.655,0.75,,,0.04,,0.05,,,,,,,
1055,660,560,10,40,19.07747197,0.55,,98.655,0.75,,,0.04,,0.05,,,,,,,
1060,675,370,12,30,19.4648318,0.605,,98.6,0.75,,,0.04,,0.05,,,,,,,
1060,620,485,10,45,17.72171254,0.605,,98.6,0.75,,,0.04,,0.05,,,,,,,
1064,670,370,12,30,19.4648318,0.65,,98.655,0.65,,,0.04,,0.05,,,,,,,
1064,615,475,10,45,17.72171254,0.65,,98.655,0.65,,,0.04,,0.05,,,,,,,
1065,690,380,12,30,20.04587156,0.65,,98.555,0.75,,,0.04,,0.05,,,,,,,
1065,635,490,10,45,18.10907238,0.65,,98.555,0.75,,,0.04,,0.05,,,,,,,
1070,705,385,12,30,20.53007136,0.7,,98.505,0.75,,,0.04,,0.05,,,,,,,
1070,640,495,10,45,18.59327217,0.7,,98.505,0.75,,,0.04,,0.05,,,,,,,
1074,725,400,12,30,21.01427115,0.75,,98.555,0.65,,,0.04,,0.05,,,,,,,
1074,650,505,10,40,18.59327217,0.75,,98.555,0.65,,,0.04,,0.05,,,,,,,
1078,690,380,12,30,20.04587156,0.785,,98.72,0.45,,,0.04,,0.05,,,,,,,
1078,650,500,10,40,18.59327217,0.785,,98.72,0.45,,,0.04,,0.05,,,,,,,
1080,770,425,10,25,22.17635066,0.815,,98.39,0.75,,,0.04,,0.05,,,,,,,
1080,675,515,10,40,18.59327217,0.815,,98.39,0.75,,,0.04,,0.05,,,,,,,
1084,820,450,10,25,23.33843017,0.865,,98.34,0.75,,,0.04,,0.05,,,,,,,
1084,690,530,10,40,18.59327217,0.865,,98.34,0.75,,,0.04,,0.05,,,,,,,
1085,835,460,10,25,24.01630989,0.875,,98.23,0.85,,,0.04,,0.05,,,,,,,
1085,695,540,10,40,18.59327217,0.875,,98.23,0.85,,,0.04,,0.05,,,,,,,
1086,770,425,10,25,22.17635066,0.865,,98.69,0.4,,,0.04,,0.05,,,,,,,
1086,670,510,10,40,18.59327217,0.865,,98.69,0.4,,,0.04,,0.05,,,,,,,
1090,840,460,10,25,24.01630989,0.915,,98.29,0.75,,,0.04,,0.05,,,,,,,
1090,695,540,10,40,19.07747197,0.915,,98.29,0.75,,,0.04,,0.05,,,,,,,
1095,825,455,10,25,24.01630989,0.965,,98.59,0.4,,,0.04,,0.05,,,,,,,
1095,680,525,10,40,19.07747197,0.965,,98.59,0.4,,,0.04,,0.05,,,,,,,
1211,380,230,25,45,11.71763507,0.13,,98.965,0.75,,,0.095,,0.125,,,,,,,
1211,515,400,10,35,15.78491335,0.13,,98.965,0.75,,,0.095,,0.125,,,,,,,
1212,385,230,25,45,11.71763507,0.13,,98.795,0.85,,,0.095,,0.195,,,,,,,
1212,540,415,10,35,16.17227319,0.13,,98.795,0.85,,,0.095,,0.195,,,,,,,
1213,385,230,25,45,11.71763507,0.13,,98.705,0.85,,,0.095,,0.285,,,,,,,
1213,540,415,10,35,16.17227319,0.13,,98.705,0.85,,,0.095,,0.285,,,,,,,
12L14,395,235,22,45,11.71763507,0.15,,98.305,1,,,0.065,,0.305,,,,,,0.25,
12L14,540,415,10,35,15.78491335,0.15,,98.305,1,,,0.065,,0.305,,,,,,0.25,
1108,345,190,30,50,9.780835882,0.105,,99.12,0.65,,,0.04,,0.105,,,,,,,
1108,385,325,20,40,11.71763507,0.105,,99.12,0.65,,,0.04,,0.105,,,,,,,
1117,425,235,23,47,11.71763507,0.17,,98.555,1.15,,,0.04,,0.105,,,,,,,
1117,475,400,15,40,13.26707441,0.17,,98.555,1.15,,,0.04,,0.105,,,,,,,
1118,450,250,23,47,12.68603466,0.17,,98.255,1.45,,,0.04,,0.105,,,,,,,
1118,495,420,15,40,13.84811417,0.17,,98.255,1.45,,,0.04,,0.105,,,,,,,
1119,425,235,23,47,11.71763507,0.17,,98.375,1.15,,,0.04,,0.285,,,,,,,
1119,475,400,15,40,13.26707441,0.17,,98.375,1.15,,,0.04,,0.285,,,,,,,
1132,570,315,16,40,16.17227319,0.305,,98.07,1.5,,,0.04,,0.105,,,,,,,
1132,635,530,12,35,17.72171254,0.305,,98.07,1.5,,,0.04,,0.105,,,,,,,
1137,605,330,15,35,17.3343527,0.355,,98.02,1.5,,,0.04,,0.105,,,,,,,
1137,675,565,10,30,19.07747197,0.355,,98.02,1.5,,,0.04,,0.105,,,,,,,
1140,545,300,16,40,15.10703364,0.405,,98.62,0.85,,,0.04,,0.105,,,,,,,
1140,605,510,12,35,16.46279307,0.405,,98.62,0.85,,,0.04,,0.105,,,,,,,
1141,650,355,15,35,18.10907238,0.41,,97.965,1.5,,,0.04,,0.105,,,,,,,
1141,725,605,10,30,20.53007136,0.41,,97.965,1.5,,,0.04,,0.105,,,,,,,
1144,670,365,15,35,19.07747197,0.44,,97.755,1.5,,,0.04,,0.285,,,,,,,
1144,745,620,10,30,21.01427115,0.44,,97.755,1.5,,,0.04,,0.285,,,,,,,
1146,585,325,15,40,16.46279307,0.455,,98.57,0.85,,,0.04,,0.105,,,,,,,
1146,650,550,12,35,18.10907238,0.455,,98.57,0.85,,,0.04,,0.105,,,,,,,
1151,635,350,15,35,18.10907238,0.515,,98.51,0.85,,,0.04,,0.105,,,,,,,
1151,705,595,10,30,20.04587156,0.515,,98.51,0.85,,,0.04,,0.105,,,,,,,
8620,635,360,26.3,59.7,17.72171254,0.205,0.5,97.4575,0.8,0.55,,0.035,0.25,0.04,0.2,,,,,,
8620,540,385,31.3,62.1,14.42915392,0.205,0.5,97.4575,0.8,0.55,,0.035,0.25,0.04,0.2,,,,,,
4620,570,365,29,66.7,16.85015291,0.195,,96.8925,0.55,1.825,,0.035,0.25,0.04,0.25,,,,,,
4620,510,370,31.3,60.3,14.42915392,0.195,,96.8925,0.55,1.825,,0.035,0.25,0.04,0.25,,,,,,
4820,758,485,24,59.2,22.17635066,0.205,,95.1825,0.6,3.5,,0.035,0.225,0.04,0.25,,,,,,
4820,685,460,22.3,58.8,19.07747197,0.205,,95.1825,0.6,3.5,,0.035,0.225,0.04,0.25,,,,,,
5140,793,470,22.7,59.2,22.17635066,0.405,0.8,97.7325,0.8,,,0.035,0.225,0.04,,,,,,,
5140,570,290,28.6,57.3,16.17227319,0.405,0.8,97.7325,0.8,,,0.035,0.225,0.04,,,,,,,
5140,972,841,18.5,58.9,28.37410805,0.405,0.8,97.7325,0.8,,,0.035,0.225,0.04,,,,,,,
5150,869,530,20.7,58.7,24.6941896,0.505,0.8,97.6325,0.8,,,0.035,0.225,0.04,,,,,,,
5150,675,360,22,43.7,19.07747197,0.505,0.8,97.6325,0.8,,,0.035,0.225,0.04,,,,,,,
5150,1055,1000,16.4,52.9,30.11722732,0.505,0.8,97.6325,0.8,,,0.035,0.225,0.04,,,,,,,
5160,1025,650,18.2,50.7,27.59938838,0.6,0.8,97.4625,0.875,,,0.035,0.225,0.04,,,,,,,
5160,724,275,17.2,30.6,19.07747197,0.6,0.8,97.4625,0.875,,,0.035,0.225,0.04,,,,,,,
5160,1145,1005,14.5,45.7,33.0224261,0.6,0.8,97.4625,0.875,,,0.035,0.225,0.04,,,,,,,
6150,938,615,21.8,61,26.04994903,0.505,0.95,97.4075,0.8,,,0.035,0.225,0.04,,,,,,,0.15
6150,670,415,23,48.4,19.07747197,0.505,0.95,97.4075,0.8,,,0.035,0.225,0.04,,,,,,,0.15
6150,1200,1160,14.5,48.2,34.08766565,0.505,0.95,97.4075,0.8,,,0.035,0.225,0.04,,,,,,,0.15
1340,834,558,22,63,24.01630989,0.155,,99.35,0.45,,,0.04,,0.05,,,,,,,
1340,703,434,25.5,57,20.04587156,0.155,,99.35,0.45,,,0.04,,0.05,,,,,,,
4130,670,435,25.5,59.5,19.07747197,0.305,0.95,97.625,0.5,,,0.035,0.225,0.04,0.2,,,,,,
4130,560,460,21.5,59.6,21.01427115,0.305,0.95,97.625,0.5,,,0.035,0.225,0.04,0.2,,,,,,
4130,1040,979,18.1,63.9,29.24566769,0.305,0.95,97.625,0.5,,,0.035,0.225,0.04,0.2,,,,,,
4140,1020,655,17.7,46.8,29.24566769,0.405,0.95,97.2775,0.875,,,0.035,0.225,0.04,0.2,,,,,,
4140,655,915,25.7,56.9,19.07747197,0.405,0.95,97.2775,0.875,,,0.035,0.225,0.04,0.2,,,,,,
4140,1075,986,15.5,56.9,30.11722732,0.405,0.95,97.2775,0.875,,,0.035,0.225,0.04,0.2,,,,,,
4150,1160,731,11.7,30.8,31.08562691,0.505,0.95,97.2075,0.875,,,0.035,0.225,0.04,0.2,,,,,,
4150,731,380,20.2,40.2,19.07747197,0.505,0.95,97.2075,0.875,,,0.035,0.225,0.04,0.2,,,,,,
4150,1310,1215,13.5,47.2,36.31498471,0.505,0.95,97.2075,0.875,,,0.035,0.225,0.04,0.2,,,,,,
4320,793,460,20.8,51,22.75739042,0.195,0.5,96.4175,0.55,1.825,,0.035,0.225,0.04,0.25,,,,,,
4320,580,425,29,58,15.78491335,0.195,0.5,96.4175,0.55,1.825,,0.035,0.225,0.04,0.25,,,,,,
4340,1282,862,12.2,36.3,35.1529052,0.4,0.8,95.7625,0.7,1.825,,0.035,0.225,0.04,0.25,,,,,,
4340,745,470,22,50,21.01427115,0.4,0.8,95.7625,0.7,1.825,,0.035,0.225,0.04,0.25,,,,,,
414,795,620,20,60,22.75739042,0.15,12.5,83,1,1.88,,0.04,1,0.03,,,,,,,
414,895,795,15,58,26.14678899,0.15,12.5,83,1,1.88,,0.04,1,0.03,,,,,,,
420,655,345,25,55,18.88379205,0.195,0.5,96.4175,0.55,1.825,,0.035,0.225,0.04,0.25,,,,,,
420,760,690,14,40,22.0795107,0.195,0.5,96.4175,0.55,1.825,,0.035,0.225,0.04,0.25,,,,,,
431,860,655,20,55,25.1783894,0.2,16,82,1,1.875,,0.04,1,0.03,,,,,,,
431,895,760,15,35,26.14678899,0.2,16,82,1,1.875,,0.04,1,0.03,,,,,,,
440C,860,690,7,20,25.1783894,1.1,17,79.15,1,,,,1,,0.75,,,,,,
440C,1970,1900,2,10,56.16717635,1.1,17,79.15,1,,,,1,,0.75,,,,,,
4140,1020.4,655,17.7,46.8,29.2336,0.405,0.95,97.2775,0.875,,,0.035,0.225,0.04,0.2,,,,,,
4140,655,417.1,25.7,56.9,19.0696,0.405,0.95,97.2775,0.875,,,0.035,0.225,0.04,0.2,,,,,,
4150,1154.9,734.3,11.7,30.8,31.0728,0.505,0.95,97.2075,0.875,,,0.035,0.225,0.04,0.2,,,,,,
4150,729.5,379.2,20.2,40.2,19.0696,0.505,0.95,97.2075,0.875,,,0.035,0.225,0.04,0.2,,,,,,
4320,792.9,464,20.8,50.7,22.748,0.195,0.5,96.4175,0.55,1.825,,0.035,0.225,0.04,0.25,,,,,,
4320,579.2,609.5,29,58.4,15.7784,0.195,0.5,96.4175,0.55,1.825,,0.035,0.225,0.04,0.25,,,,,,
4340,1279,861.8,12.2,36.3,35.1384,0.4,0.8,95.7625,0.7,1.825,,0.035,0.225,0.04,0.25,,,,,,
4340,744.6,472.3,22,49.9,21.0056,0.4,0.8,95.7625,0.7,1.825,,0.035,0.225,0.04,0.25,,,,,,
4620,574.3,366.1,29,66.7,16.8432,0.195,,96.8925,0.55,1.825,,0.035,0.25,0.04,0.25,,,,,,
4620,512.3,372.3,31.3,60.3,14.4232,0.195,,96.8925,0.55,1.825,,0.035,0.25,0.04,0.25,,,,,,
4820,75,484.7,24,59.2,22.1672,0.205,,95.1825,0.6,3.5,,0.035,0.225,0.04,0.25,,,,,,
4820,681.2,464,22.3,58.8,19.0696,0.205,,95.1825,0.6,3.5,,0.035,0.225,0.04,0.25,,,,,,
5140,792.9,472.3,22.7,59.2,22.1672,0.405,0.8,97.7325,0.8,,,0.035,0.225,0.04,,,,,,,
5140,572.3,293,28.6,57.3,16.1656,0.405,0.8,97.7325,0.8,,,0.035,0.225,0.04,,,,,,,
5150,870.8,529.5,20.7,58.7,24.684,0.505,0.8,97.6325,0.8,,,0.035,0.225,0.04,,,,,,,
5150,675.7,357.1,22,43.7,19.0696,0.505,0.8,97.6325,0.8,,,0.035,0.225,0.04,,,,,,,
5160,957,530.9,17.5,44.8,26.0392,0.6,0.8,97.4625,0.875,,,0.035,0.225,0.04,,,,,,,
5160,722.6,275.8,17.2,30.6,19.0696,0.6,0.8,97.4625,0.875,,,0.035,0.225,0.04,,,,,,,
6150,939.8,615.7,21.8,61,26.0392,0.505,0.95,97.4075,0.8,,,0.035,0.225,0.04,,,,,,,0.15
6150,667.4,412.3,23,48.4,19.0696,0.505,0.95,97.4075,0.8,,,0.035,0.225,0.04,,,,,,,0.15
8620,632.9,357.1,26.3,59.7,17.7144,0.205,0.5,97.4575,0.8,0.55,,0.035,0.25,0.04,0.2,,,,,,
1137,627.4,379.2,28,61,18.5856,0.355,,98.02,1.5,,,0.04,,0.105,,,,,,,
1137,668.8,396.4,22.5,48.5,19.0696,0.355,,98.02,1.5,,,0.04,,0.105,,,,,,,
1137,584.7,344.7,26.8,53.9,16.8432,0.355,,98.02,1.5,,,0.04,,0.105,,,,,,,
1141,675.7,358.5,22,38,18.5856,0.41,,97.965,1.5,,,0.04,,0.105,,,,,,,
1141,706.7,405.4,22.7,55.5,19.4568,0.41,,97.965,1.5,,,0.04,,0.105,,,,,,,
1141,598.5,353,25.5,49.3,15.7784,0.41,,97.965,1.5,,,0.04,,0.105,,,,,,,
1144,703.3,420.6,21,41,20.5216,0.44,,97.755,1.5,,,0.04,,0.285,,,,,,,
1144,667.4,399.9,21,40.4,19.0696,0.44,,97.755,1.5,,,0.04,,0.285,,,,,,,
1144,584.7,346.8,24.8,41.3,16.1656,0.44,,97.755,1.5,,,0.04,,0.285,,,,,,,
1340,836.3,558.5,22,62.9,24.0064,0.155,,99.35,0.45,,,0.04,,0.05,,,,,,,
1340,703.3,436.4,25.5,57.3,20.0376,0.155,,99.35,0.45,,,0.04,,0.05,,,,,,,
4130,668.8,436.4,25.5,59.5,19.0696,0.305,0.95,97.625,0.5,,,0.035,0.225,0.04,0.2,,,,,,
4130,560.5,360.6,28.2,55.6,15.1008,0.305,0.95,97.625,0.5,,,0.035,0.225,0.04,0.2,,,,,,
1050,723.9,413.7,20,40,22.1672,0.51,,98.69,0.75,,,0.04,,0.05,,,,,,,
1050,748.1,427.5,20,39.4,21.0056,0.51,,98.69,0.75,,,0.04,,0.05,,,,,,,
1050,636,365.4,23.7,39.9,18.1016,0.51,,98.69,0.75,,,0.04,,0.05,,,,,,,
1060,813.6,482.6,17,34,23.3288,0.605,,98.6,0.75,,,0.04,,0.05,,,,,,,
1060,775.7,420.6,18,37.2,22.1672,0.605,,98.6,0.75,,,0.04,,0.05,,,,,,,
1060,625.7,372.3,22.5,38.2,17.3272,0.605,,98.6,0.75,,,0.04,,0.05,,,,,,,
1080,965.3,586.1,12,17,28.3624,0.815,,98.39,0.75,,,0.04,,0.05,,,,,,,
1080,1010.1,524,11,20.6,28.3624,0.815,,98.39,0.75,,,0.04,,0.05,,,,,,,
1080,615.4,375.8,24.7,45,16.8432,0.815,,98.39,0.75,,,0.04,,0.05,,,,,,,
1095,965.3,572.3,9,18,28.3624,0.965,,98.59,0.4,,,0.04,,0.05,,,,,,,
1095,1013.5,499.9,9.5,13.5,28.3624,0.965,,98.59,0.4,,,0.04,,0.05,,,,,,,
1095,656.7,379.2,13,20.6,18.5856,0.965,,98.59,0.4,,,0.04,,0.05,,,,,,,
1117,486.8,305.4,33,63,13.8424,0.17,,98.555,1.15,,,0.04,,0.105,,,,,,,
1117,467.1,303.4,33.5,63.8,13.2616,0.17,,98.555,1.15,,,0.04,,0.105,,,,,,,
1117,429.5,279.2,32.8,58,11.7128,0.17,,98.555,1.15,,,0.04,,0.105,,,,,,,
1118,521.2,316.5,32,70,14.4232,0.17,,98.255,1.45,,,0.04,,0.105,,,,,,,
1118,477.8,319.2,33.5,65.9,13.8424,0.17,,98.255,1.45,,,0.04,,0.105,,,,,,,
1118,450.2,284.8,34.5,66.8,12.6808,0.17,,98.255,1.45,,,0.04,,0.105,,,,,,,
1015,420.6,313.7,39,61,12.1968,0.155,,99.35,0.45,,,0.04,,0.05,,,,,,,
1015,424,324.1,37,69.6,11.7128,0.155,,99.35,0.45,,,0.04,,0.05,,,,,,,
1015,386.1,284.4,37,69.7,10.7448,0.155,,99.35,0.45,,,0.04,,0.05,,,,,,,
1020,448.2,330.9,36,59,13.8424,0.2,,99.305,0.45,,,0.04,,0.05,,,,,,,
1020,441.3,346.5,35.8,67.9,12.6808,0.2,,99.305,0.45,,,0.04,,0.05,,,,,,,
1020,394.7,294.8,36.5,66,10.7448,0.2,,99.305,0.45,,,0.04,,0.05,,,,,,,
1022,503.3,358.5,35,67,14.4232,0.2,,98.905,0.85,,,0.04,,0.05,,,,,,,
1022,482.6,358.5,34,67.5,13.8424,0.2,,98.905,0.85,,,0.04,,0.05,,,,,,,
1022,429.2,317.2,35,63.6,13.2616,0.2,,98.905,0.85,,,0.04,,0.05,,,,,,,
1030,551.6,344.7,32,57,17.3272,0.305,,98.9,0.75,,,0.04,,0.05,,,,,,,
1030,520.6,344.7,32,60.8,14.4232,0.305,,98.9,0.75,,,0.04,,0.05,,,,,,,
1030,463.7,341.3,31.2,57.9,12.1968,0.305,,98.9,0.75,,,0.04,,0.05,,,,,,,
1040,620.5,413.7,25,50,19.4568,0.405,,98.8,0.75,,,0.04,,0.05,,,,,,,
1040,589.5,374,28,54.9,16.456,0.405,,98.8,0.75,,,0.04,,0.05,,,,,,,
1040,518.8,353.4,30.2,57.2,14.4232,0.405,,98.8,0.75,,,0.04,,0.05,,,,,,,
201,758,379,,,17.272758,0.15,16,67.51,5.5,3.5,0.25,0.06,1,0.03,,,,,,,
201L,785,396,,,18.657762,0.03,16,72,5.5,3.5,0.25,,0.75,,,,,,,,
301,405,340,,,12.425244,0.14,,99.11,0.3,,,0.04,,0.05,,,,,,,
302,440,370,,,13.579414,0.14,,98.81,0.6,,,0.04,,0.05,,,,,,,
304H,520,205,,,17.96526,0.04,18,66.08,2,8,,0.04,0.75,0.03,,,,,,,
304L,564,210,,,16.118588,0.03,18,64.9,2,8,,0.045,1,0.03,,,,,,,
305,585,260,,,7.57773,0.12,18,67,2,12,,0.045,1,0.03,,,,,,,
308,585,240,,,15.65692,0.08,20,66,2,11,,0.045,1,0.03,,,,,,,
309,620,310,,,16.81109,0.2,23,60,2,14,,0.045,1,0.03,,,,,,,
309S,620,310,,,16.81109,0.08,23,59,2,14,,0.045,1,0.03,,,,0.8,,,
310,620,310,,,16.81109,0.25,24,48.18,2,19,,0.045,1.5,0.03,,,,,,,
312,759,379,,,17.96526,0.03,22,57,5,12,0.3,0.02,0.5,0.015,2.3,,,0.2,,,0.2
314,689,345,,,16.81109,0.25,23,46.68,2,19,,0.045,1.5,0.03,,,,,,,
316,580,290,,,15.426086,0.08,16,61.8,2,10,,0.045,1,0.03,2,,,,,,
316L,560,290,,,15.426086,0.03,16,61.9,2,10,,0.045,1,0.03,2,,,,,,
316N,620,330,,,16.81109,0.08,16,61.69,2,10,0.1,0.045,1,0.03,2,,,,,,
317,620,275,,,16.81109,0.08,18,57.85,2,11,,0.045,1,0.03,3,,,,,,
317L,595,260,,,16.81109,0.03,18,57.9,2,11,,0.045,1,0.03,3,,,,,,
320,1724,1517,,,29.26014,0.41,0.8,96,0.7,1.9,,0.018,0.23,0.02,0.25,,,,,,
321,620,240,,,15.65692,0.08,17,65.45,2,9,,0.045,1,0.03,,,0.4,,,,
321H,515,205,,,19.11943,0.07,18,68.08,2,10.5,,,1,,,,0.35,,,,
329,725,550,,,19.350264,0.1,28,63,2,4.5,,0.04,1,0.03,1.5,,,,,,
331,440,370,,,13.579414,0.14,,98.81,0.6,,,0.04,,0.05,,,,,,,
333,405,340,,,12.425244,0.14,,99.11,0.3,,,0.04,,0.05,,,,,,,
334,572.4,241.4,,,16.118588,0.03,19,60,1,19,,0.02,0.75,0.015,,,0.4,,,,
336,759,379,,,17.96526,0.03,22,57,5,12,0.3,0.02,0.5,0.015,2.3,,,0.2,,,0.2
343,1470,961,,,28.05734,0.15,11.5,84.3,1,,,0.04,1,0.03,,,,,,,
346,440,370,,,13.579414,0.14,,98.81,0.6,,,0.04,,0.05,,,,,,,
350,733,415,,,19.11943,0.13,,99.13,0.3,,,0.04,,0.05,,,,,,,
355,1170,1070,,,24.44894,,15.5,76.5,0.95,4.3,,,,,2.75,,,,,,
366,586,310,,,15.65692,0.03,20,40,1,35,,0.02,0.5,0.015,,,,0.24,,,
370,1595,1460,,,23.043608,0.38,0.8,96.785,0.75,,,0.035,0.15,0.04,0.15,,,,,,
384,515,240,,,13.34858,0.08,16,63,2,18,,0.045,1,0.03,,,,,,,
400,280,165,,,6.885228,0.009,10,47.1,0.035,0.23,0.012,0.01,0.05,0.001,0.027,,0.005,0.15,0.5,,0.15
403,485,310,,,15.65692,0.15,12.3,86,1,,,0.04,0.5,0.03,,,,,,,
405,448,276,,,14.50275,0.08,13,85,1,,,0.04,1,0.03,,,,,,,
406,554,412,,,17.734426,0.025,13,82.76,0.035,,,,0.3,,,,0.4,,,,
410,1525,1225,,,29.26014,0.15,11.5,84.3,1,,,0.04,1,0.03,,,,,,,
414,1795,1013,,,31.06434,0.15,12.5,83,1,1.88,,0.04,1,0.03,,,,,,,
416,741,600,,,14.22514,0.15,13,84,1.25,,,0.06,1,0.15,0.6,,,,,,
420,580,425,,,16.580256,0.17,0.4,95.855,0.45,1.65,,0.035,0.15,0.04,0.2,,,,,,
423,620,275,,,16.81109,0.15,18,70,2,9,,0.045,1,0.03,,,,,,,
425,1380,1170,,,20.504434,0.38,0.8,96.785,0.75,,,0.035,0.15,0.04,0.15,,,,,,
427,1300,916,,,26.85454,0.15,11.5,86,1,0.5,,0.04,1,0.03,,,,,,,
433,286,286,,,15.426086,0.01,20,78,0.3,0.25,0.019,0.021,0.39,0.001,,,,0.8,,,
434,538,441,,,17.734426,0.12,16,81,1,,,0.04,1,0.03,1,,,,,,
436,538,441,,,17.734426,0.12,14,78,1,,,0.04,1,0.03,0.75,,,,,,
439,450,205,,,17.503592,0.07,18,78.33,1,0.5,,,1,,,,1.1,,,,
440,420,350,,,12.886912,0.12,,99.13,0.6,,,0.04,,0.05,,,,,,,
442,515,275,,,17.96526,0.2,20.5,76.3,1,1,,,1,,,,,,,,
444,415,275,,,19.11943,0.025,18.5,76.475,1,1,,,1,,2,,,,,,
446,550,345,,,16.349422,0.2,23,75,1.5,0.25,,0.04,1,0.03,,,,,,,
453,1340,920,,,28.35804,0.15,11.5,84.3,1,,,0.04,1,0.03,,,,,,,
461,330,285,,,9.88607,0.08,,99.43,0.25,,,0.04,,0.05,,,,,,,
462,330,285,,,9.88607,0.08,,99.43,0.25,,,0.04,,0.05,,,,,,,